[
  {"path": "scripts/lib/installers", "csv": "scripts_lib_installers.csv"},
  {"path": "scripts/lib", "csv": "scripts_lib.csv"},
  {"path": "ws_insights", "csv": "ws_insights_root.csv"},
  {"path": "ws_insights/models", "csv": "ws_insights_models.csv"},
  {"path": "ws_insights/file_extensions", "csv": "ws_insights_file_extensions.csv"},
  {"path": "ws_insights/reporting", "csv": "ws_insights_reporting.csv"},
  {"path": "ws_insights/utilities", "csv": "ws_insights_utilities.csv"},
  {"path": "ws_insights/search.engine/cache", "csv": "ws_insights_search_engine_cache.csv"},
  {"path": "ws_insights/search.engine/core", "csv": "ws_insights_search_engine_core.csv"},
  {"path": "ws_insights/search.engine/index", "csv": "ws_insights_search_engine_index.csv"},
  {"path": "ws_insights/search.engine/io", "csv": "ws_insights_search_engine_io.csv"},
  {"path": "ws_insights/search.engine/processing/regex", "csv": "ws_insights_search_engine_processing_regex.csv"},
  {"path": "ws_insights/search.engine/public", "csv": "ws_insights_search_engine_public.csv"},
  {"path": "ws_insights/search", "csv": "ws_insights_search.csv"},
  {"path": "ws_insights/search/core", "csv": "ws_insights_search_core.csv"},
  {"path": "ws_insights/search/core/flags", "csv": "ws_insights_search_core_flags.csv"},
  {"path": "ws_insights/search/core/util", "csv": "ws_insights_search_core_util.csv"},
  {"path": "ws_insights/search/cache", "csv": "ws_insights_search_cache.csv"},
  {"path": "ws_insights/search/io", "csv": "ws_insights_search_io.csv"},
  {"path": "ws_insights/search/processing", "csv": "ws_insights_search_processing.csv"},
  {"path": "ws_insights/search/processing/automata", "csv": "ws_insights_search_processing_automata.csv"},
  {"path": "ws_insights/search/processing/regex", "csv": "ws_insights_search_processing_regex.csv"},
  {"path": "ws_insights/search/processing/text", "csv": "ws_insights_search_processing_text.csv"},
  {"path": "ws_insights/search/processing/tokenizer", "csv": "ws_insights_search_processing_tokenizer.csv"},
  {"path": "ws_insights/search/index/bloom", "csv": "ws_insights_search_index_bloom.csv"},
  {"path": "ws_insights/search/index/fileidmap", "csv": "ws_insights_search_index_fileidmap.csv"},
  {"path": "ws_insights/search/index/metadatastore", "csv": "ws_insights_search_index_metadatastore.csv"},
  {"path": "ws_insights/search/index/metadatastore/columns", "csv": "ws_insights_search_index_metadatastore_columns.csv"},
  {"path": "ws_insights/search/index/storage", "csv": "ws_insights_search_index_storage.csv"},
  {"path": "ws_insights/search/index/storage/compression", "csv": "ws_insights_search_index_storage_compression.csv"},
  {"path": "ws_insights/search/index/segment", "csv": "ws_insights_search_index_segment.csv"},
  {"path": "ws_insights/search/index", "csv": "ws_insights_search_index.csv"},
  {"path": "ws_insights/search/public", "csv": "ws_insights_search_public.csv"}
]