path,type,bytes_uncompressed,bytes_compressed,modified_local,encrypted,crc32_hex,sha256
2025-9-15/,dir,0,0,2025-09-29T13:52:46,False,00000000,
2025-9-15/11-48-2-Generar_conversaci_n_ID.json,file,36212,6920,2025-09-29T13:52:54,False,d174f0f2,1e0a095a5a022a1f40fa08661d524aa58f86b3d86755c70b7a6a326520004d2a
2025-9-15/11-48-2-Generar_conversaci_n_ID.md,file,1247,661,2025-09-29T13:52:54,False,3238988f,5180d639d799f0d51e4ac7d36e8cc69bd20196ee65de65e0f9c190b3319045d6
2025-9-15/11-55-55-Funciones_de_cuenta.json,file,300340,66787,2025-09-29T13:52:50,False,77a84f98,7ba6e8445654c59ab5e5405aca92ed4e4def9abdcf6a3d3dd88ba202c562ce77
2025-9-15/11-55-55-Funciones_de_cuenta.md,file,20748,6983,2025-09-29T13:52:50,False,9713841f,1d205775979fc0cd3fb4af7cdb0e4547ee2d2028e4d97a4a65bf13fc41f393ae
2025-9-15/12-21-35-Ejemplo_prompt_Codex_Powershell.json,file,31102,6449,2025-09-29T13:52:50,False,c4b0624c,fda0aa547df554d0fe1a3de8ced727f91b7e02efb2e4a829268d4961a31ae4d1
2025-9-15/12-21-35-Ejemplo_prompt_Codex_Powershell.md,file,2524,1163,2025-09-29T13:52:50,False,25dc2f2f,95fdd6a1db98d4abd17b42311ddedef9dd71af0e19fdf23459dc3664a11d004a
2025-9-15/12-34-51-Prompt_para_PowerShell_Codex.json,file,38953,7761,2025-09-29T13:52:48,False,cc8bd5ea,7a3419748f179c1877ce070e84511ae9effc7e803d8fa7495e975549461b2671
2025-9-15/12-34-51-Prompt_para_PowerShell_Codex.md,file,3221,1495,2025-09-29T13:52:48,False,e6fd2e95,857d0f8283dc1fb3eaa962f16267a68c69b584c8564e6123b13d7cb206faf4f8
2025-9-15/17-27-21-Recuperaci_n_de_archivos_gratis.json,file,93911,14612,2025-09-29T13:52:50,False,071f9ed1,c28a1b5e03151885f4c775854cba952eb38f0ecfd04e1b287e5f5dbad9b639c7
2025-9-15/17-27-21-Recuperaci_n_de_archivos_gratis.md,file,13210,3532,2025-09-29T13:52:50,False,4013cc9c,c66e937255f25f6383227fae9758f5fa41c3101e13779ab1e6ba212c04f760f3
2025-9-15/17-33-50-Configuraci_n_b_squeda_dupeGuru.json,file,91853,20675,2025-09-29T13:52:52,False,70315167,7ac2618bc13b02db5794284a0994b83812c1e33beec22ba90a4cfac9fcbb66e2
2025-9-15/17-33-50-Configuraci_n_b_squeda_dupeGuru.md,file,36674,12369,2025-09-29T13:52:52,False,c850340f,3a18a2dc740bfad2f8573ce8f9705d5d87db1b80679da8fdf0d85c31285662ed
2025-9-15/20-31-17-Resumen_autom_tico_correos.json,file,126889,22086,2025-09-29T13:52:52,False,51d2d4c4,070baa8781966cf47f1213181e6ad933f80306c95cd6447db0f604bcf3719cef
2025-9-15/20-31-17-Resumen_autom_tico_correos.md,file,13731,4132,2025-09-29T13:52:52,False,7cb00a7b,e3ad1de2cedf84c14bb224ff06bcc5ed863c71708a001aa0151fb530337057bc
2025-9-15/20-37-58-Resumen_correos_no_le_dos.json,file,549171,110567,2025-09-29T13:52:52,False,8feb6715,3bced46f71295c9490179b5b2776e8a001f69dd56d53e85394f25b474e21d3bf
2025-9-15/20-37-58-Resumen_correos_no_le_dos.md,file,50759,14646,2025-09-29T13:52:52,False,5a0df77a,f0c9115379d939a999e5534b2bacda1f6a5b017af6459ba49cdaf4214de3d620
2025-9-15/20-43-56-Saludo_y_respuesta_inicial.json,file,10876,2866,2025-09-29T13:52:52,False,59ab68cb,2fa57b4e087e23cda71951181d94ff99e279611bfe02bfa46bf3e2f3be1b4faa
2025-9-15/20-43-56-Saludo_y_respuesta_inicial.md,file,119,114,2025-09-29T13:52:52,False,80e7954d,5a86781d32b2b0c700e63c546184458087668340d08b724ec956b4d3256f4d8e
2025-9-15/21-20-2-Asistencia_de_ChatGPT.json,file,10838,2476,2025-09-29T13:52:54,False,0fd66a85,8a3a860e65a8e2a50151b4e14508280308dcb30b3cc21c28fb284c25fd12c85e
2025-9-15/21-20-2-Asistencia_de_ChatGPT.md,file,299,242,2025-09-29T13:52:54,False,62b0a323,19ea6c9f355d9b1eb4e8012091500be3ee018a7440f4bc8bbe3c943ce6e91d2a
2025-9-15/7-18-38-Reporte_de_consejos_PowerShell.json,file,85662,14329,2025-09-29T13:52:48,False,215f9f96,4da311c4730ae808fb437a35c42558688f8fcb2ebe34a95cfdcb501d68c31251
2025-9-15/7-18-38-Reporte_de_consejos_PowerShell.md,file,9834,3787,2025-09-29T13:52:48,False,a61951c3,64398c5e3530e8bd486c47343d24f034f6b9bb7366d9e35e3785a2c320add2d6
2025-9-17/,dir,0,0,2025-09-29T13:52:54,False,00000000,
2025-9-17/12-23-41-Preparar_firmware_Samsung.json,file,1066955,183164,2025-09-29T13:52:54,False,a08c2600,3a2c5392b03d060f4122c946c7227921425c75990078e2c4e4817de935c1ea6c
2025-9-17/12-23-41-Preparar_firmware_Samsung.md,file,63678,19010,2025-09-29T13:52:54,False,215cea23,8f33405a1f6712507c96cda5681695ffbb4c9b96ae21fb87d37a6524d3da2302
2025-9-18/,dir,0,0,2025-09-29T13:52:38,False,00000000,
2025-9-18/7-7-32-Significado_de_un_script.json,file,40132,9550,2025-09-29T13:52:38,False,1900c286,cd46c18819a517815b0ccacbb3d886efb1baf6d09c4cabf33d3a1c9711ff0824
2025-9-18/7-7-32-Significado_de_un_script.md,file,19178,6057,2025-09-29T13:52:38,False,f281fd2d,ea6a4508129d5731d6c029a14b689bfe7d74e3ad79407209ca83f76903fd92a9
2025-9-19/,dir,0,0,2025-09-29T13:52:38,False,00000000,
2025-9-19/12-49-15-Buscar_fecha_reuni_n_Teams.json,file,273406,65123,2025-09-29T13:52:40,False,693dfc4e,4db819cb29f26dcc088cdc929eb2f5a874689c7908d90e1a31615d10268de48e
2025-9-19/12-49-15-Buscar_fecha_reuni_n_Teams.md,file,26397,9689,2025-09-29T13:52:40,False,981e9733,644264a82899f8c1461d7013638b51a155ade9d87dc00bd346b18c61c221c477
2025-9-19/14-57-12-Filtrar_correos_Malpaso.json,file,305044,42108,2025-09-29T13:52:38,False,26794567,cfd2fd07b626276616ffa6867442ada328978ea4f12df485c5ab9e9bcc559b4f
2025-9-19/14-57-12-Filtrar_correos_Malpaso.md,file,81246,16482,2025-09-29T13:52:38,False,d3c17912,89f96f1eb112de369f7d3f227e485b6f600b113c870ff1f1828c603ec1d83fcb
2025-9-20/,dir,0,0,2025-09-29T13:52:26,False,00000000,
2025-9-20/0-47-50-Instrucciones_personalizadas_y_memoria.json,file,155783,29609,2025-09-29T13:52:38,False,62d3442b,338508312492d1e169019921096affb22b7a8a48bc7197c5a428201e28d8de9e
2025-9-20/0-47-50-Instrucciones_personalizadas_y_memoria.md,file,15243,5845,2025-09-29T13:52:38,False,8c32fadc,ff9b76e7cd5e11dc679a48a5587a602fa6852bc51d88378284e1390cc127a089
2025-9-20/1-8-47-Instrucciones_guardadas_sistema.json,file,743866,93912,2025-09-29T13:52:38,False,7f1fada5,84df38cf8bfb29a3a6eb916508bdcb3380609c1d3dcd97f3eab7b2ad2f88038e
2025-9-20/1-8-47-Instrucciones_guardadas_sistema.md,file,67665,20024,2025-09-29T13:52:38,False,21ec09e8,c026d7e55ea11eef32f5a4d182a6f51e463144550ea2cc9d45750742a390107d
2025-9-20/13-0-2-Revisi_n_de_memoria_persistente.json,file,1362775,261899,2025-09-29T13:52:28,False,3c98abe4,499c7f5301c3c5b674f1a9e22882f6a73f28b69d84c8a97666cb25c577278977
2025-9-20/13-0-2-Revisi_n_de_memoria_persistente.md,file,467884,111761,2025-09-29T13:52:28,False,3d27ca89,66ca012d1575e56d45e4500e980c494f1beddd8ea272819ea16b0145de692dd3
2025-9-20/13-9-57-Cargar_informaci_n_contextual.json,file,315474,58950,2025-09-29T13:52:28,False,ffc540e2,3336fabac679ab9a519dd55dae6ab01d69207ccebf3d4572195a65cfaa287421
2025-9-20/13-9-57-Cargar_informaci_n_contextual.md,file,103257,28444,2025-09-29T13:52:28,False,2efd575d,cd8cc10dd29399df26dabb5a872dcbf7815e1dbe811ab70920728a33cc5f754c
2025-9-20/15-45-5-Extraer__cono__exe.json,file,85274,14985,2025-09-29T13:52:28,False,1f26b00c,5302e44af5c9dac3db701c6ffbf75d7fd5a5a5fe4235321ec4ac6e291d6dcc58
2025-9-20/15-45-5-Extraer__cono__exe.md,file,18246,6641,2025-09-29T13:52:28,False,efa49d70,ff23e9ed30f1631748598ebab483286e74985abfbac566ac6f457c9d7f7e2826
2025-9-20/17-36-26-Archivos_id_nticos_o_diferentes.json,file,66277,12058,2025-09-29T13:52:26,False,6697d5b7,801eeedc156751fd7aa62ad076563595f0f36563e0e1596d536cbc65590f2c16
2025-9-20/17-36-26-Archivos_id_nticos_o_diferentes.md,file,14301,5198,2025-09-29T13:52:26,False,0d541721,0a78a4e3a22a043a4864c35b2237e3462e60f6fa44e84ca611b802142ff744f5
2025-9-20/2-57-37-Normativa_operativa_guardada.json,file,190486,28114,2025-09-29T13:52:32,False,e9992dec,6750d89016dd1000d7cc511891232feba5b3b14e7256ce553580cb73cd42b9f3
2025-9-20/2-57-37-Normativa_operativa_guardada.md,file,55321,15933,2025-09-29T13:52:32,False,c2d3908e,9408ca1c0b1a8b6c810435759440c32f2b33bef85f606ea63070bae05033a507
2025-9-20/3-32-16-Generar_script_HTML_desde__md.json,file,966432,143865,2025-09-29T13:52:34,False,edd83f01,a654aad1106de6eaf69d52776d7b58b94163609aa9ec188a28eec2c4c515d09a
2025-9-20/3-32-16-Generar_script_HTML_desde__md.md,file,241476,41635,2025-09-29T13:52:34,False,5ed56900,d13892ef1e49e1dfcc4a24df6d6509d08112ba6dc3232946adde7a7557dd1989
2025-9-20/5-6-18-Script_PowerShell_animado.json,file,197086,32700,2025-09-29T13:52:34,False,df33d509,1bcfcac351b3da2a97ad2b6643e9e411c5eeefd410a0c92e8d34b0b2c61b13bd
2025-9-20/5-6-18-Script_PowerShell_animado.md,file,57091,15584,2025-09-29T13:52:34,False,c0d39e7f,f6279941acb6e5622254817a2efa7122522f964d59346d5ca2e4c79570cf9ce1
2025-9-20/6-4-22-Integraci_n_normativa_operativa.json,file,31615,8390,2025-09-29T13:52:32,False,e1758afd,b14920d77250b87e40a14809f87517f16b5d5f6b23503a1b46ebd71493071b40
2025-9-20/6-4-22-Integraci_n_normativa_operativa.md,file,21044,5987,2025-09-29T13:52:32,False,893db26f,f20885d103fc9ab4f08f036a9bc77e312b2944a073f7943797a2c2e9407107f8
2025-9-20/6-43-13-Interpretaci_n_de_documento.json,file,936781,159734,2025-09-29T13:52:32,False,13685eab,2a34ee550de000e4886c2ca64d541415f95502c433242218d7d5594e6ff01db5
2025-9-20/6-43-13-Interpretaci_n_de_documento.md,file,96544,29165,2025-09-29T13:52:32,False,4cceeec3,909ed929414995b94d6f84de9102241f53c7cd8cac5b6ecf6e0eb778dfce265e
2025-9-20/7-25-19-Entendimiento_de_documento_JSON.json,file,1549956,232456,2025-09-29T13:52:30,False,a5e12f66,90035bf5c5523589c9f53a11104ca8eb8efb42d47f6e8688e8b095245295bb91
2025-9-20/7-25-19-Entendimiento_de_documento_JSON.md,file,117395,35080,2025-09-29T13:52:30,False,8f0dabcf,b10e012ed72eed259203a77c3e7f313d41d06af2b91122e338cca069ab58e840
2025-9-21/,dir,0,0,2025-09-29T13:52:18,False,00000000,
2025-9-21/2-27-5-Plan_de_limpieza_Excel.json,file,1319262,253874,2025-09-29T13:52:18,False,f256488f,97259c3242f439f153d175907cf996b5cc49c9b95a30d11d410d870a7aa139b2
2025-9-21/2-27-5-Plan_de_limpieza_Excel.md,file,418997,108450,2025-09-29T13:52:18,False,1d1e6c03,db8830729ef1f24931d0359cc4d5715dba02ffd22d8c9908e30b0accfc943b5c
2025-9-23/,dir,0,0,2025-09-29T13:52:24,False,00000000,
2025-9-23/1-13-28-Almacenamiento_de_res_menes.json,file,60625,15470,2025-09-29T13:52:24,False,0efac7fa,a49b460f735a0f3ee75d43c1643ad55e71ec70e720cfb9a38e7acbd6b27bfb17
2025-9-23/1-13-28-Almacenamiento_de_res_menes.md,file,29581,9952,2025-09-29T13:52:24,False,d609cbb6,1b1bc81290602115a1e8aab29958826beee6d9a89d5c3583f79f3ed5f4b83e85
2025-9-23/17-46-27-Verificaci_n_acceso_Banorte.json,file,173174,34042,2025-09-29T13:52:26,False,c526d63f,8475fe0070aabe7d1dd60a30b3ee12bca04806f7d4889e327798a1fe6a441188
2025-9-23/17-46-27-Verificaci_n_acceso_Banorte.md,file,24538,9076,2025-09-29T13:52:26,False,d948220e,0d0f84eb04f557ca481bf919c6bfd6ae2327df5e65ea77c37717188e7d0445b7
2025-9-23/18-1-52-Cambio_de_membres_a_Plus.json,file,112343,22943,2025-09-29T13:52:26,False,0d2796cd,b5c67447fa3243f104ddf35fe1765c56d1c72a08f19b822feb46d9379e346f96
2025-9-23/18-1-52-Cambio_de_membres_a_Plus.md,file,5670,2400,2025-09-29T13:52:26,False,5782bebb,5659cbea4a7c994d50fbf6e33954e0528c74d4d6167f14d8be766655b36b2014
2025-9-24/,dir,0,0,2025-09-29T13:52:18,False,00000000,
2025-9-24/0-32-13-Crear_imagen_estilo_caricatura.json,file,27727,7761,2025-09-29T13:52:24,False,5f47449b,9be1a279a0000219471f16f6ade121ee94e20b5a46ee0596def6dec63d680bd9
2025-9-24/0-32-13-Crear_imagen_estilo_caricatura.md,file,5980,2835,2025-09-29T13:52:24,False,851f7a45,29fa92a56c5a9a724c07d55de131f50ce4a08699fed651d62a280727e45b04bf
2025-9-24/1-56-43-Convierte_foto_en_ilustraci_n.json,file,19139,5091,2025-09-29T13:52:20,False,06d6356d,36939ff84c9e8af71f1ae64f1d0b5e0b7c61f75eee044321effb6a25b949ff3d
2025-9-24/1-56-43-Convierte_foto_en_ilustraci_n.md,file,1822,963,2025-09-29T13:52:20,False,409b6a9e,f15e97aad4a58820abb359f88154a2733898e65815246bddfb015be7f119162c
2025-9-24/1-57-52-Ilustraci_n_de_perro_art_stico.json,file,13875,4006,2025-09-29T13:52:24,False,a01e0c46,c8a60bbf9401fa2985b6bba05a969c0d77788e4a8cded1c1b924b05a42b995d9
2025-9-24/1-57-52-Ilustraci_n_de_perro_art_stico.md,file,1348,768,2025-09-29T13:52:24,False,413cbe55,c0d5d8c639d2d82a739dd1c8c391dfb3567fae1a7e8f806dee302e47c6b45d87
2025-9-24/1-58-21-Ilustraci_n_de_perro.json,file,17717,4282,2025-09-29T13:52:22,False,fe1c9915,9e1e18408627bb4e88ad15be875203c040f53123e991d0e0001de19b455291a1
2025-9-24/1-58-21-Ilustraci_n_de_perro.md,file,3073,1471,2025-09-29T13:52:22,False,a93c703b,7124e5cf9d36219713a355da03e2d50b466cd212449e1c9c2f0e7814813f9ba9
2025-9-24/1-58-38-Ilustraci_n_art_stica_perro.json,file,11212,3070,2025-09-29T13:52:22,False,7e2d3c2c,cc44bb160dd79698ca88e01cc6ff2b67696255bcc569d45c7d62540541940219
2025-9-24/1-58-38-Ilustraci_n_art_stica_perro.md,file,1926,848,2025-09-29T13:52:22,False,2c376576,12d2502692b406e2bf351173250cb8d8d2cd4b8faab5fdf489dc4da717eb0a70
2025-9-24/2-20-39-Respuesta_con_emoji.json,file,10301,2917,2025-09-29T13:52:20,False,74724d7e,0365838dc2f8017902d7421400fe1cf0ebd535ae2cd8fcb4f4e153f19007d2de
2025-9-24/2-20-39-Respuesta_con_emoji.md,file,172,154,2025-09-29T13:52:20,False,0b4ddd4c,b7d564a016edb8ee8da29150869590c398d3508fd0395c98a4735581d4ed463e
2025-9-24/8-17-20-Corregir_heredoc_consola.json,file,29753,7936,2025-09-29T13:52:20,False,55f51b0b,a917bdb64f8a8a84e25d5b0fcec5a801d47e6bfb0226f9fb664dca21bfa2d8e1
2025-9-24/8-17-20-Corregir_heredoc_consola.md,file,10977,3848,2025-09-29T13:52:20,False,d14cc15f,f8b3c4db356742f5bff07462d5c7229221ce01af701a071f4df6df06cf0a8580
2025-9-24/8-31-4-Script_para_espejar_celular.json,file,147377,30123,2025-09-29T13:52:20,False,2498e390,09b0d717e1095a449cdd7c6fa7c8671461389f06c9e0a4c160deedc08b23f845
2025-9-24/8-31-4-Script_para_espejar_celular.md,file,55339,17567,2025-09-29T13:52:20,False,298684c2,6db30f8467df40f848542c73e6acfa302e8d15387eb8158fa97568549e405f37
2025-9-24/8-8-11-Bash_para_descargar_videos.json,file,68831,13238,2025-09-29T13:52:18,False,826b4177,4e33dbf36eff937b581c964051130364c200679e81cd3b0c636a265855fc3cb3
2025-9-24/8-8-11-Bash_para_descargar_videos.md,file,11178,4148,2025-09-29T13:52:18,False,f873766e,7d24cf18b72de840a0b0d33eaba56041849c133000ea4cffe3a263bf1f2d139f
2025-9-25/,dir,0,0,2025-09-29T13:52:40,False,00000000,
2025-9-25/23-40-4-Diferencias_Markdown_JSON.json,file,32721,6823,2025-09-29T13:52:40,False,a48333c4,ebac85923a285d01812aa4987b1286d7bf432c1965901a8841ec3be6ee29d1d8
2025-9-25/23-40-4-Diferencias_Markdown_JSON.md,file,293,117,2025-09-29T13:52:40,False,5aa3d41a,6b9938e89f4106f9cdc00f5e33aa80c6f9599c4c3842f69d51431a2a51bf69c7
2025-9-25/4-2-30-Redacci_n_concisa_y_estructurada.json,file,14852,4338,2025-09-29T13:52:40,False,15ab7235,b96181f8c2075aeafe71a55753ebbadc3bf4c32e6f6403fb80416d63d8f8617c
2025-9-25/4-2-30-Redacci_n_concisa_y_estructurada.md,file,2023,1144,2025-09-29T13:52:40,False,87059d12,28bfdc53050efe624c2179aca2785b18151e90bc192e4186da975f20050eeed6
2025-9-26/,dir,0,0,2025-09-29T13:52:42,False,00000000,
2025-9-26/4-40-54-Comparaci_n_capacidades_humanas_vs_GPT.json,file,415888,88625,2025-09-29T13:52:42,False,d20379ed,72d55b0b36ede4bd6b07f0f509c919e694c8aa93c1e04598934558da25ed6055
2025-9-26/4-40-54-Comparaci_n_capacidades_humanas_vs_GPT.md,file,30049,9693,2025-09-29T13:52:42,False,02b9bb39,d05b66d635d10de39431165f2b1157f5be4a38a87c1b05d018d3048787ccfca8
2025-9-28/,dir,0,0,2025-09-29T13:52:42,False,00000000,
2025-9-28/16-54-29-New_chat.json,file,56443,11730,2025-09-29T13:52:42,False,a8b70633,c1a1af1d713eee306851b5fd16118f26669b2eee07bae541a59e93249d838dbe
2025-9-28/16-54-29-New_chat.md,file,4120,1956,2025-09-29T13:52:42,False,95375107,2f8cbc3fee655d1998ad0198db440b303d638e87b44e8caf3165e2cb485a73f7
2025-9-28/8-52-38-Significado_de_Anastasis_Revenari.json,file,44577,11851,2025-09-29T13:52:42,False,f16e0caa,d52b07f33dcd01b2942bb61e79a73f6ba72081a9234b841237c378b483044546
2025-9-28/8-52-38-Significado_de_Anastasis_Revenari.md,file,20797,8140,2025-09-29T13:52:42,False,2a7a800b,9ccc9f791f537354fb0c9ce7c24b2d641bc197d267861ba9d5d12c21cfd689c4
2025-9-29/,dir,0,0,2025-09-29T13:05:50,False,00000000,
2025-9-29/1-23-22-Explicaci_n_script_orquestador.json,file,295191,62063,2025-09-29T13:52:44,False,017f216d,29ffa0f791864656beae396cd9faf2dd26d4ec94bf55441c9957d6b7a2e80e0f
2025-9-29/1-23-22-Explicaci_n_script_orquestador.md,file,65937,20055,2025-09-29T13:52:44,False,9e9896a5,af48bb16013926d10fc9947d11b5a19fba7cb290c182a099cac0a81f269dd0a9
2025-9-29/1-47-33-An_lisis_de_prompt_t_cnico.json,file,160069,35470,2025-09-29T13:52:44,False,f8f1c2b9,180e0127160a1c37de555785f99fe2c0c0d8a7e06b231cf74534692dceb9b8d1
2025-9-29/1-47-33-An_lisis_de_prompt_t_cnico.md,file,94094,23341,2025-09-29T13:52:44,False,6045a4e1,dba8e0115de0a54a15797922d5433373a5e4cd6f248b4163022723313082d557
2025-9-29/2-8-10-Reporte_de_fallas.json,file,387935,68889,2025-09-29T13:52:44,False,9e68d25f,e6083106192c11e3a1c8742dcca759ddb73475026aaca2126b8e8fb7bc7070c7
2025-9-29/2-8-10-Reporte_de_fallas.md,file,108983,28856,2025-09-29T13:52:44,False,7ad42d19,f472ee34d2f50ccf0cb85d6008b542829ea3e1a9a00d59be16d395c100d4876f
2025-9-29/3-57-48-_An_lisis___Integraci_n_.json,file,462401,98996,2025-09-29T13:06:08,False,849476db,5219bf052e0ccac32bd8f78369836d6f13d5bceb1047f2cd852e529d0b626797
2025-9-29/3-57-48-_An_lisis___Integraci_n_.md,file,63487,19729,2025-09-29T13:06:08,False,c4921e42,18250b7b196f40f09cc7684ffd52772b03b4c7793412191758f59df4a0054bb5
2025-9-29/4-58-47-_WsW_mnt_.json,file,103480,11913,2025-09-29T13:06:08,False,e3703fcc,3a11722eba7f5994a67ce2aa7e17399057f01a6a451a54f2dd16d89336a05572
2025-9-29/4-58-47-_WsW_mnt_.md,file,7258,3000,2025-09-29T13:06:08,False,cb264272,437fc61d4bb310f6e2a4283220f518140c9bdc0b684015bb084ba98d0dc8f414
2025-9-29/5-16-29-_WsW_Script_.json,file,33868,9329,2025-09-29T13:06:08,False,2cb77029,e5e0747290c36233ae4993ea510af50f9708fb5d11012ed33624f5e44344d918
2025-9-29/5-16-29-_WsW_Script_.md,file,25427,7545,2025-09-29T13:06:08,False,a3170190,4a687674dad9a79b2a4e79a8019d45abb6b12da8900b6752d7d9caa453881289
2025-9-29/5-22-31-_WsW_Contexto_.json,file,12203,3788,2025-09-29T13:06:06,False,68363921,38795df5010c2337236fc5bec4d81932eaae0e52651a066bfd35eb172573eb5c
2025-9-29/5-22-31-_WsW_Contexto_.md,file,4909,2157,2025-09-29T13:06:06,False,b77341e2,c587ce464489ef990741766cf56d51e6918d49bc828623a69d6806ad8c51aafc
2025-9-29/5-30-5-_PS_Master_XML_Config_.json,file,50757,16510,2025-09-29T13:06:06,False,a3ca47e2,902e00a14c084c08d0864fabeb01a6596452cffc7c19477fc2d9f82eebd57907
2025-9-29/5-30-5-_PS_Master_XML_Config_.md,file,41730,14769,2025-09-29T13:06:06,False,6074c50d,8b8007c74f0fb119efa128330375c964e4313425f00721b6dc85d693ecbdc45b
2025-9-29/5-31-12-_SCRIPT___Invoke_RepoReorg_.json,file,36169,10493,2025-09-29T13:06:06,False,60cb5941,2f54c430b026d956d03e6506d63ad44297edd9e4b056501615e95ca2112ca19f
2025-9-29/5-31-12-_SCRIPT___Invoke_RepoReorg_.md,file,27839,8759,2025-09-29T13:06:06,False,e2250fb6,d89d45a8261a87c3b5dc3f35f50a6f9cea8060b27b4976c206ae8e9f4d05c864
2025-9-29/5-36-5-_SOP_01___An_lisis__01_.json,file,31613,8892,2025-09-29T13:06:06,False,f263ae8a,afaf5897d7a444d3b31302e768b7125c2accdb524501f0af859bc7e2ad1da87b
2025-9-29/5-36-5-_SOP_01___An_lisis__01_.md,file,20553,6809,2025-09-29T13:06:06,False,eac32f01,04e68590fa2126f767ba47e6c276518dc6042ef7a5ca46b8c3669b62b5072022
2025-9-29/5-40-13-_SOP_Backticks_Fences_Here_Strings_.json,file,25329,7949,2025-09-29T13:06:06,False,e891c2d2,35b766b68ea4b65f752369b283cab51cb9193c098eaec2dd366971d190a32859
2025-9-29/5-40-13-_SOP_Backticks_Fences_Here_Strings_.md,file,17322,6205,2025-09-29T13:06:06,False,f6c05450,9bc6c87365ead73f160e596e3b01492b112b130b42fbe8dc581851bf9897f299
2025-9-29/5-46-4-_SOP_01___An_lisis__02_.json,file,25600,9152,2025-09-29T13:06:04,False,b0813ab0,3a668baa11c5dbecdac716b4b3ea932678a41bf056ed985b1ed11319894ea7d3
2025-9-29/5-46-4-_SOP_01___An_lisis__02_.md,file,17847,7419,2025-09-29T13:06:04,False,ed153a67,873b48bcee0e45c5638045eb07d741a0c3a4937bd069a34450a43ed57a982365
2025-9-29/5-48-30-_SOP_01___An_lisis__03_.json,file,58409,9846,2025-09-29T13:06:04,False,7352341a,6ca294dcba2e240d73b28cbe79b16fb00781aa3ab5362204e87338c3d94b9e30
2025-9-29/5-48-30-_SOP_01___An_lisis__03_.md,file,19527,6881,2025-09-29T13:06:04,False,247a786c,6eb362f934f4498a4dd540a11a271a2c9bd28acf6eb52a17b1b3d8f19062bc44
2025-9-29/5-50-50-_SOP___Env_Survey_.json,file,37989,12292,2025-09-29T13:06:02,False,85ddf0fd,235aaf12140c92bdd9a1c6e3a8257953677f764f28c53894ed54f7dd71b8db6c
2025-9-29/5-50-50-_SOP___Env_Survey_.md,file,29398,10457,2025-09-29T13:06:02,False,ea3a35b6,4f4d78b0b0c34a25abbd944274898b0e0fbd0289fc1fbbb001cd90265b24f00c
2025-9-29/5-52-44-_SOP_01___An_lisis__03_.json,file,36070,10252,2025-09-29T13:06:02,False,d386c3b0,884b37b3a0b1271973c81de49312eaf99df7fee9ef19009ba83dfba9b7d9865f
2025-9-29/5-52-44-_SOP_01___An_lisis__03_.md,file,26319,8509,2025-09-29T13:06:02,False,d644a5b7,f61fbcac6d9fcda1dce941523c45a30ae25c9e5b692639fa414635c1ff6f223b
2025-9-29/5-56-17-_An_lisis_Config_.json,file,23437,8435,2025-09-29T13:06:02,False,84be91bc,f32218b4548ba9ec25fe137c6dd2cfef3e8d3ac6bc4c25fae09deabadca3cee6
2025-9-29/5-56-17-_An_lisis_Config_.md,file,15798,6686,2025-09-29T13:06:02,False,cf46e8f6,65f372c845575a4c3a7c277a0344d2332c5b2b93b57e1f86dfee5e559ba5d173
2025-9-29/5-58-16-_Trazabilidad_y_coherencia_.json,file,22442,7888,2025-09-29T13:06:00,False,1a1d4bbd,3521a7bfd3d611b8a7b591121952bc997a15dc3741120ee0e78986742d1938f6
2025-9-29/5-58-16-_Trazabilidad_y_coherencia_.md,file,14862,6152,2025-09-29T13:06:00,False,c3db2657,58d577674bf51435c79da0d6688b222414d79e5fd815752f25eb70f093a5e8fe
2025-9-29/6-0-1-_Config_YSD_.json,file,18583,6267,2025-09-29T13:06:00,False,969a8330,7f2ae7b0379e5aa8f0b8122b61cd1bfed4208544964a49f42dabd1677daf09ef
2025-9-29/6-0-1-_Config_YSD_.md,file,10742,4587,2025-09-29T13:06:00,False,63fafeb9,f0cdc9f7deb74fc6f21cb08eec73557879dd43eee625773adff2b11c99d39bd4
2025-9-29/6-11-18-An_lisis_de_documentaci_n_PS.json,file,19569,6899,2025-09-29T13:05:58,False,1647f627,988ad33922a982dd4c60307bef87ab51299c3a2a14d2ed9dd27d5d86d476e55c
2025-9-29/6-11-18-An_lisis_de_documentaci_n_PS.md,file,12268,5159,2025-09-29T13:05:58,False,395bac29,fa7613ef7b6c7149545883d55f70057dddd11a7984f22903d00ddce96329935c
2025-9-29/6-14-34-An_lisis_de_script_PowerShell.json,file,24096,7795,2025-09-29T13:05:58,False,37e367c0,a95f5e00f55f2a6d6c15ee3db783b4e3d2e2bbcc2cec05632d442276de14b444
2025-9-29/6-14-34-An_lisis_de_script_PowerShell.md,file,16306,6072,2025-09-29T13:05:58,False,cda20912,5b73a864dd1ea1d1ff8e4a3a38b666de227862f83ca4444c96b7657e861fe836
2025-9-29/6-19-13-An_lisis_PUAV_Compat.json,file,22452,7787,2025-09-29T13:05:56,False,222db2ce,7076cfc87ebfc0a7e59387032cf44b51e3b984ea6b63e79101759d71c1e3971a
2025-9-29/6-19-13-An_lisis_PUAV_Compat.md,file,14933,6086,2025-09-29T13:05:56,False,0d1f2ac2,3c877c264ebe1d5bb5da452220f765699a3ec46e49db9e8b5915d8ae127b62bf
2025-9-29/6-20-18-An_lisis_SOP_01_y_errores.json,file,25305,9360,2025-09-29T13:05:56,False,0a07b00e,7eb2570606b51251eb73936ef2d62a20ffd24d3668e1669c29e66600a1d085ea
2025-9-29/6-20-18-An_lisis_SOP_01_y_errores.md,file,17747,7633,2025-09-29T13:05:56,False,5d26500c,c192ac6a550af0146f3813d20b81a5fbab51c8561704957ab250db93925f996e
2025-9-29/6-22-21-Lee_y_analiza_script.json,file,40505,13713,2025-09-29T13:05:54,False,fefbdfdc,98bf42171301d0af6c0edf465dd4936e654dba8b355494cfc008978253850a7b
2025-9-29/6-22-21-Lee_y_analiza_script.md,file,31796,11896,2025-09-29T13:05:54,False,78329ce2,56b20c11d9f92e7f45b04c88f200b155792575183d642acd4cdc28b3234df2b1
2025-9-29/6-23-21-New_chat.json,file,54369,10323,2025-09-29T13:05:56,False,b1e3e4f5,5b6e044a1e91fd2fae108e771ff369c13578799d88434fde748b30775d2230ac
2025-9-29/6-23-21-New_chat.md,file,24068,7704,2025-09-29T13:05:56,False,8380fda1,c5e0a21c48b086ef7fd4e65932bdb37300ecfa837c8c757459aead57020d96b6
2025-9-29/6-24-5-New_chat.json,file,88567,11426,2025-09-29T13:05:56,False,9a5e18b7,ba411d39e0bc0337b1816f3fd39aac3d560e2fdd9283c0f8f13008f1a0b57641
2025-9-29/6-24-5-New_chat.md,file,37560,7641,2025-09-29T13:05:56,False,43053879,d080afd1dc16f0fe97af4f4fc8398dc6a458cbb8e8d8eac6d508aec4a6f985a1
2025-9-29/6-26-32-An_lisis_de_instrucciones_proyecto.json,file,22985,7891,2025-09-29T13:05:54,False,7b687912,ea22b7e6bbd97fd012514271671442eefce13aabcc209ef29675c0379da0257d
2025-9-29/6-26-32-An_lisis_de_instrucciones_proyecto.md,file,15484,6181,2025-09-29T13:05:54,False,40b4e5d6,31200b97b34e2df288e3b39e09d92a3156840c9a37804f47f880fa7cef4c5a86
2025-9-29/6-29-54-An_lisis_de_instrucciones.json,file,23929,8272,2025-09-29T13:05:54,False,35317e9e,4f60ab33888979d5dce55d5836eb61a2110f3cffc28113da3cf78d1a02381cc0
2025-9-29/6-29-54-An_lisis_de_instrucciones.md,file,16294,6553,2025-09-29T13:05:54,False,23157d50,d115629193c6b006bfed80caa7836e881a047a71f6e563bc5eef1a3b533b333c
2025-9-29/6-31-26-Auditor_a_de_configuraci_n.json,file,17463,6067,2025-09-29T13:05:54,False,208c2ab6,2db922fcfca6254817b0f872826776b878ec326dbc183a1c66b09dc2cef5e006
2025-9-29/6-31-26-Auditor_a_de_configuraci_n.md,file,10128,4327,2025-09-29T13:05:54,False,0d7ef844,79d13845694cdaf582ff0a0f6eb742d705f187ef927d96daf86fd914f4794ead
2025-9-29/6-33-27-An_lisis_de_m_dulos_PowerShell.json,file,46211,13081,2025-09-29T13:05:50,False,f1b4caaa,1ed5c4934fb61ba74bf730de12fa159d9e602cfab0882c8c944e43ac1e6b25d8
2025-9-29/6-33-27-An_lisis_de_m_dulos_PowerShell.md,file,30875,9917,2025-09-29T13:05:50,False,b50dfd8b,be44947834e1f3a196e8672b916ee9324563b7f2a17e4180810d48f2ae8ad077
2025-9-29/6-34-30-An_lisis_protocolo_auditor_a.json,file,18157,6206,2025-09-29T13:05:52,False,1938cff2,148729d5de9f4d98bee32ad9b6811f1aaf29ade4f2d15647fd7d079f237de40a
2025-9-29/6-34-30-An_lisis_protocolo_auditor_a.md,file,10876,4467,2025-09-29T13:05:52,False,28a38e21,ab9c867cc08300b14aff0db0ccc75a9dcc3bce89c665b4aa886d0a6d21a92785
2025-9-29/6-36-14-An_lisis_y_auditor_a_t_cnica.json,file,73063,22311,2025-09-29T13:05:52,False,5bdb0eee,9c7b5cae01b34ec1034660dee798719176d3330409b82042a3eadff4f93dbad0
2025-9-29/6-36-14-An_lisis_y_auditor_a_t_cnica.md,file,62556,20109,2025-09-29T13:05:52,False,2edb0c40,9894f07fe83de1ad592350856e3cfd41c0a3fdae4bfc9667798064b59029dd85
2025-9-29/6-4-10-Revisi_n_t_cnica_script.json,file,35000,10158,2025-09-29T13:06:00,False,164149a7,efa364078ee72b03f76420ee719327fbb02264dbed381cc312e299274d9c6e44
2025-9-29/6-4-10-Revisi_n_t_cnica_script.md,file,26228,8405,2025-09-29T13:06:00,False,7fac1139,a8dbaf8cde55e7080389e09ed1713f316453949c93d03ba8552f29dcfb20752b
2025-9-29/6-40-30-An_lisis_SOP_auditor_a.json,file,22385,7346,2025-09-29T13:05:52,False,83b143bf,e48885087448e4eac650c9003f8c40b3ef2be3638fac7b874aa30baf744f846d
2025-9-29/6-40-30-An_lisis_SOP_auditor_a.md,file,15154,5675,2025-09-29T13:05:52,False,d1926697,25a0b0c2b5d4fcf0b0cc214156e87d5fe5026dbfbeb2163551182af5bfd82fa5
2025-9-29/6-44-25-Auditor_a_t_cnica_documento.json,file,27527,10071,2025-09-29T13:05:52,False,de60b832,76c9db2b305fb89026e02c224523aec3aa4ab14433763c7901cdd9760686d595
2025-9-29/6-44-25-Auditor_a_t_cnica_documento.md,file,19691,8269,2025-09-29T13:05:52,False,2735cd70,d2811e6e484edb40271f2f0418dd19b79f567886786bc87df246052e4435c6b6
2025-9-29/6-45-32-An_lisis_README_proyecto.json,file,26131,9069,2025-09-29T13:05:50,False,1049ac05,34cdac66d0e8338f0ada37851ecbd6cc23709ca998b2035e9f13283312c919dd
2025-9-29/6-45-32-An_lisis_README_proyecto.md,file,18565,7345,2025-09-29T13:05:50,False,1806b8e9,98ffe3ffd28215303f641646acbee46eda1c22333049bea4dd5e0275064ed7fe
2025-9-29/6-48-56-An_lisis_t_cnico_orquestador.json,file,51474,14446,2025-09-29T13:05:50,False,b6fe8f72,44aadc3859c6311d03cb7728e593b4796e3798000aa31687d7000002bdc89697
2025-9-29/6-48-56-An_lisis_t_cnico_orquestador.md,file,36848,11496,2025-09-29T13:05:50,False,06e7e1c6,8dc53fc789243dfef0d9087b427b26555e2f47328cfb3fd2bd3480442d1de200
2025-9-29/6-50-15-An_lisis_de_protocolo_SOP01.json,file,43133,12218,2025-09-29T13:05:50,False,182f6779,278b5a257e97975b4ced6eb5041dd95dd666318d85d32f6817155b384a75c4fa
2025-9-29/6-50-15-An_lisis_de_protocolo_SOP01.md,file,25726,9884,2025-09-29T13:05:50,False,fcd63d60,3c4cd056384eea385b9d66b490c006252285adf36853b1542f9568f4f1cbbbfd
2025-9-29/6-7-43-An_lisis_SOP_01.json,file,27106,8593,2025-09-29T13:06:00,False,81a5d0f7,b8799b0398dc4560dfdcdfafd39965c2b9b72c9691c25ec15db015265037a3be
2025-9-29/6-7-43-An_lisis_SOP_01.md,file,18664,6922,2025-09-29T13:06:00,False,21ed0bbf,005a0b7f06f119304411aa24ff9b0cb4126a3eaae42a87ae8d4058c108fa7708
2025-9-29/6-9-11-Instrucciones_de_ejecuci_n.json,file,90154,15094,2025-09-29T13:05:58,False,71891638,9720ae12f705b426cd812fa2eb14a71f0352282235b95781dfb461be460e62ab
2025-9-29/6-9-11-Instrucciones_de_ejecuci_n.md,file,62615,11656,2025-09-29T13:05:58,False,9237b231,3c544520f04534e0914d764b870d5075bd1eb7d3819862dbc24ea03d44cee405
